[
  {
    "version": "v0.1.2",
    "date": "2025-04-28 16:35:18",
    "message": "앱 시작 시 자동 등록"
  },
  {
    "version": "v0.1.3",
    "date": "2025-04-28 16:35:18",
    "message": "테스트 모드 추가, 차트에 마커 추가, 돌파 조건 수정(처음 프로그램 실행 시 바로 매수 방지)"
  },
  {
    "version": "v0.1.4",
    "date": "2025-04-29 18:12:13",
    "message": "텔레그램 알림 추가"
  },
  {
    "version": "v0.1.5",
    "date": "2025-05-01 11:17:42",
    "message": "텔레그램 메시지 수정, 오류 수정"
  },
  {
    "version": "v0.1.6",
    "date": "2025-05-07 10:56:44",
    "message": "업데이트 내용을 입력.."
  },
  {
    "version": "v0.1.7",
    "date": "2025-05-07 11:44:31",
    "message": "매수, 매도 조건 일부 문제점 수정"
  },
  {
    "version": "v0.1.8",
    "date": "2025-05-13 18:01:47",
    "message": "업데이트 내용을 입력.."
  }
]